STATION,AM_ENTERS,AM_EXITS
ASTORIA DITMARS,13218,1005
ASTORIA BLVD,5115,1111
30 AV,6376,1530
36 AV,3598,1718
QUEENSBORO PLZ,2983,1833
59 ST,9569,15278
5 AV/59 ST,2796,18810
57 ST-7 AV,2206,8214
49 ST,1351,6840
TIMES SQ-42 ST,87497,56788
34 ST-HERALD SQ,14027,21487
28 ST,623,3079
23 ST,982,2788
14 ST-UNION SQ,17962,48134
8 ST-NYU,1081,1320
PRINCE ST,350,1686
CANAL ST,5204,12597
CITY HALL,181,807
CORTLANDT ST,5259,9029
RECTOR ST,606,701
WHITEHALL S-FRY,20673,11809